vdr_id,seller
9671,1st choice money center
9672,1st class auto
9673,1st commercial
9674,1st liberty federal credit union
9675,3117839 canada inc
9676,5 corners truck & auto inc
9677,5 star auto
9678,66 auto sales
9679,67 auto sales
9680,760 auto couture
9681,84th street motors inc
9682,911 sportscars
9683,a & l auto sales llc
9684,a & s auto and truck sales llc
9685,a and a ii llc
9686,a and a recreation
9687,a automotive llc
9688,a d autos
9689,a g auto sales
9690,a plus auto outlet
9691,a plus auto sales inc
9692,a plus imports
9693,a to z liquidators inc
9694,a v auto sales llc
9695,a&m finance
9696,a-1 auto
9697,a-1 auto group llc
9698,a.n.a auto sales llc
9699,a1 auto
9700,a1a import export
9701,a295
9702,aa auto rental
9703,aatc auto
9704,abbott automotive group inc
9705,abc 2 z auto sales llc
9706,abc auto sales
9707,abids motors
9708,abs &s group auto broker
9709,abs finance
9710,absolute auto sales inc
9711,ac greenwich auto brokers ll
9712,access auto mart llc
9713,access motors company
9714,acr rental services inc
9715,acree auto sales inc
9716,acura of augusta
9717,advanced fleet services
9718,advantage financing
9719,advantage/rosedale dodge/chrysler
9720,adventure rv & auto sales inc
9721,affordable auto rental/budget rac
9722,affordable auto sales
9723,affordable autos inc
9724,ag auto group llc
9725,airport infiniti
9726,akins auto sales
9727,akron auto
9728,akv auto
9729,al packer's luxury imports
9730,alan jay kia
9731,alba motor co of san diego
9732,albany ford subaru
9733,alberic ford inc
9734,alen's auto sales inc
9735,alex's autobody repair & sales
9736,alexander dodge chrysler jeep inc
9737,alexandria motor company
9738,alexia motors inc
9739,alfa romeo and fiat of omaha
9740,all american auto mart inc
9741,all cars llc
9742,all pro leasing
9743,all star dodge chrysler jeep
9744,allan auto sales llc
9745,allen turner hyundai
9746,allied solutions
9747,allstate leasing & sales inc
9748,allstate leasing inc
9749,allyns specialty cars
9750,alternative financial group inc
9751,am ko auto inc
9752,amarillo national bank
9753,amazing auto sales llc
9754,amazing luxury cars
9755,amc finance/auto masters credit
9756,american federal savings bank
9757,american finance
9758,american finance corporation
9759,american lending solutions
9760,american motor credit llc
9761,american recovery service inc
9762,american recovery specialist
9763,american wholesalers inc
9764,americas automotive
9765,amigo auto sales inc
9766,ancira eagle pass ford
9767,anderson motor company of crystal lake inc
9768,anderson motors
9769,anderson pont buick olds gmc inc
9770,anderson rockriver ford
9771,andy glockner honda toyota
9772,ankrom auto llc
9773,annapolis volvo
9774,antiek journeys inc
9775,antwerpen hyundai
9776,any all wheels sales llc
9777,apex auto wholesalers/apex auto lease
9778,apple chrysler dodge jeep ram of hanover
9779,apple ford
9780,apple ford of shakopee
9781,arapahoe hyundai llc
9782,archer-perdue suzuki
9783,ari/community loans of america
9784,arizona capital fins llc
9785,arizona motor sales  llc
9786,arizona state credit union
9787,arrigo dodge chrysler jeep ram ft pierce
9788,arrigo dodge chrysler jeep ram sawgrass
9789,arrowhead honda
9790,ars/amro -auction sale unit
9791,ars/budget of omaha
9792,ars/budget rac of atlanta
9793,ars/budget rac of memphis
9794,ars/budget rent a car/atlanta
9795,ars/easy car leasing llc dba brac of birmingham
9796,ars/economy rent a car
9797,ars/enterprise rent a car
9798,ars/enterprise vehicle exchange/coconut creek
9799,ars/ford-lincoln dealer program
9800,ars/kc landsmen
9801,ars/manheim auctions
9802,ars/meridian remarketing
9803,ars/shaker auto leasing
9804,ars/spallco enterprises inc
9805,ars/uhaul
9806,ashland ford chrysler
9807,assassin cycle & design
9808,asset automotive llc
9809,atlantic automall
9810,atlantic coast finance
9811,atlantic coast remarketing inc/ap
9812,atlantic coast remarketing inc/auto store of far
9813,atlantic coast remarketing inc/gettysburg auto s
9814,atlantic coast remarketing inc/gmc
9815,atlantic coast remarketing inc/n and r motors
9816,atlantic coast remarketing inc/sa
9817,atlantic finance and credit llc
9818,atwater ford inc
9819,atzenhoffer mazda  atzenhoffer mitsubishi
9820,auburn chevrolet
9821,auction direct
9822,auction direct autos llc
9823,auction direct motor sales llc
9824,auction select auto sales inc
9825,audi beverly hills
9826,audi reno tahoe
9827,audi valencia
9828,audi volkswagen of naples
9829,audi warwick
9830,auffenberg ford inc
9831,aurora motorcars
9832,austra motors
9833,auto & truck village inc
9834,auto america
9835,auto bright auto sales
9836,auto brokers european connection llc
9837,auto champs
9838,auto city motors inc
9839,auto collection of murfreesboro inc
9840,auto connection
9841,auto connections of bellevue
9842,auto deals
9843,auto direct montreal inc
9844,auto europa service & sales
9845,auto fair inc
9846,auto finance of tampa inc
9847,auto fleet
9848,auto haus on velp inc
9849,auto images sls & srvs llc
9850,auto iq inc
9851,auto mall 59
9852,auto market az llc
9853,auto mart llc
9854,auto masters of franklin  llc
9855,auto nation
9856,auto network group inc
9857,auto one usa
9858,auto point
9859,auto premier sales inc
9860,auto rainbow llc
9861,auto rental etc
9862,auto revolution llc
9863,auto row sales center inc
9864,auto solutions llc
9865,auto spa automotive sales inc
9866,auto specialist of florida llc
9867,auto trademark
9868,auto use
9869,auto village llc
9870,auto world sales & service llc
9871,auto xchange inc
9872,autodome ltd
9873,autofarm buick gmc
9874,autoflex leasing
9875,automatic car credit inc.
9876,automobile acc corp
9877,automotive avenues  inc
9878,automotive fleet management
9879,automotive remarketing aka ohio auto loans
9880,automotive remarketing management service
9881,autonation acura gulf freeway
9882,autonation buick gmc park meadows
9883,autonation buick gmc west
9884,autonation chevrolet cadillac south corpus chris
9885,autonation chevrolet gulf freeway
9886,autonation chevrolet highway 6
9887,autonation chevrolet northpoint
9888,autonation chevrolet west austin
9889,autonation chrysler dodge jeep ram mobile
9890,autonation chrysler dodge jeep ram roseville
9891,autonation chrysler dodge jeep ram southwest
9892,autonation chrysler dodge jeep ram spring
9893,autonation chrysler jeep broadway
9894,autonation dodge ram arapahoe
9895,autonation fiat roseville
9896,autonation ford amherst
9897,autonation ford east
9898,autonation ford katy
9899,autonation ford lincoln union city
9900,autonation ford littleton
9901,autonation ford mobile
9902,autonation ford north canton
9903,autonation ford panama city
9904,autonation ford westlake
9905,autonation honda 104
9906,autonation honda at bel air mall
9907,autonation honda south corpus christi
9908,autonation honda west knoxville
9909,autonation hyundai 104
9910,autonation hyundai corpus christi
9911,autonation hyundai mall of georgia
9912,autonation mitsubishi
9913,autonation nissan irving
9914,autonation nissan katy
9915,autonation nissan marietta
9916,autonation nissan southwest
9917,autonation nissan thornton road
9918,autonation subaru arapahoe
9919,autonation toyota gulf freeway
9920,autonation toyota mall of georgia
9921,autonation toyota scion arapahoe
9922,autonation toyota thornton road
9923,autonation volkswagen mall of georgia
9924,autoplex
9925,autos direct
9926,autos of dallas
9927,autosmart 2
9928,autosource motors inc
9929,autosport honda
9930,autostrada enterprises llc
9931,avis rent a car systems/newark
9932,avis rent a car/harrisburg
9933,avis rent a car/mobile
9934,avon auto brokers inc
9935,aymax group inc
9936,az luxury auto llc
9937,az motors
9938,b.a. wolfe powersports llc
9939,baker automotive inc
9940,balboa auto sales inc
9941,banco santander de pr
9942,barattini quality cars & trucks inc
9943,barbour auto sales tr tanios barbour ttee
9944,barkley buick gmc cadillac inc
9945,barrera auto sales
9946,barrington imports corporation
9947,bashir auto trading
9948,bay automotive corporation
9949,bay ridge toyota inc
9950,bayamon car rental
9951,baytown ford
9952,bb motors
9953,bdhc inc
9954,beach ford linc inc
9955,beaumont management co llc
9956,beck & masten kia of tomball
9957,beck & masten pontiac gmc buick gulf freeway
9958,beck & masten pontiac gmc hummer truck inc
9959,beechmont audi inc
9960,belair road discount auto sales
9961,belcastro auto sales & leasing
9962,bell auto group inc
9963,bell auto sales
9964,bell road toyota
9965,bellavia buick inc
9966,bellevue nissan
9967,bend honda
9968,benny's ventures inc
9969,bergen auto imports llc
9970,bergen car company inc
9971,berglund chev buick jeep
9972,berkley motors
9973,berkshire rent a car
9974,berthod motors inc
9975,best auto outlet inc
9976,best buy auto center
9977,best buy auto inc.
9978,best deal motors
9979,best quality auto sls corp
9980,bestway auto brokers llc
9981,big city motor sales llc
9982,big dogs auto sales inc
9983,big two toyota scion of chandler
9984,big valley ford inc
9985,bill bryan chrysler dodge jeep inc
9986,bill bryan kia
9987,bill bunch chevrolet inc
9988,bill colwell ford inc
9989,bill currie ford
9990,bill luke fiat
9991,bill tempchin auto sales llc
9992,bill wright toyota
9993,bill's auto sales
9994,billingsley ford of lawton  llc
9995,billy mauer chevrolet
9996,bk motor sports llc
9997,bk's auto broker llc
9998,bl auto sales corp
9999,blackman motors inc
10000,blackwell automotive
10001,bloomington ford
10002,bls management inc
10003,bluegrass bmw
10004,blueslade motor cars llc
10005,bm auto select inc
10006,bmg auto
10007,bmw of fresno
10008,bmw of houston north
10009,bmw of houston north in the woodlands
10010,bmw of meridian
10011,bmw of orland park
10012,bmw of peabody
10013,bmw of towson
10014,bmw of visalia
10015,bmw of vista
10016,bmw of west houston
10017,boardwalk auto
10018,bob boyte honda
10019,bob harper ford inc
10020,bob penkhus mitsubishi
10021,bob stall chevrolet
10022,bobby ford inc
10023,bodafide auto ltd
10024,boise volkswagen audi boise
10025,bond auto sales inc
10026,boucher ventures inc
10027,brad deery motors inc
10028,brads auto sales
10029,brandon honda
10030,brantford kia
10031,bravo cadillac hummer
10032,brazos valley schools credit union
10033,brent bergheger chry-dod
10034,brickell honda buick & gmc
10035,brown automotive center inc
10036,brown chevrolet co inc
10037,brown daub chrysler jeep dodge
10038,browns ford of amsterdam inc
10039,bryan bowman chrys dod jeep
10040,bsl transportation services
10041,btb financial
10042,bud brown volkswagen llc
10043,buddy foster collision & towing center inc
10044,budget auto
10045,budget autos llc
10046,budget car truck
10047,buffalo auto acceptance corp
10048,bulldog fcu
10049,bunnin chevrolet cadillac
10050,burdick ford inc
10051,burge floyd auto & leasing
10052,burlington kia
10053,burnsville volkswagen inc
10054,burt watson chevrolet inc
10055,busam subaru
10056,butchs auto sales
10057,buyers choice auto center llc
10058,bwk of columbia
10059,byers kia
10060,c & c automotive
10061,c & c export car center
10062,c & s autobrokers inc
10063,c a p auto sales inc
10064,c a v leasing
10065,c r cregar & son autobroker
10066,c&c enterprises
10067,cadillacs of houston
10068,cal tex imports/leasing
10069,cale america inc
10070,calens cars inc.
10071,cali motors
10072,calico motorcade
10073,california connection auto leasing llc
10074,camino real chevrolet
10075,campbell auto sales
10076,capital auto finance corp
10077,capital auto trading
10078,capital city motor worx
10079,capital lease group ltd
10080,capital one fleet
10081,capps van & car rental
10082,captain auto sales inc
10083,car 1 auto group inc
10084,car cafe llc
10085,car cash
10086,car cash llc
10087,car chase llc
10088,car credit center corp
10089,car drop
10090,car finder llc
10091,car mart leasing and sales inc
10092,car now acceptance co/albuquerque
10093,car now acceptance co/east dundee
10094,car stash llc
10095,car today
10096,carafello's auto sales  llc
10097,carbiz solutions  inc.
10098,carbucks of carolina inc
10099,carey paul honda
10100,carmix inc
10101,carolina auto imports inc
10102,carphoria llc
10103,cars 2 credit
10104,cars 2 go
10105,cars direct of orlando llc
10106,cars group finance & sales
10107,cars in motion ltd
10108,cars/carfinance capital llc
10109,cars/flexpath capital
10110,cars/skopos financial
10111,carson cars inc
10112,cartwright motors
10113,carz unlimited llc
10114,casa nissan inc
10115,cash cow auto sales inc
10116,cash money cars llc
10117,caspian group inc
10118,castro car co inc
10119,cds auto wholesalers llc
10120,centex truck and auto
10121,central auto outlet
10122,central florida auto trader llc
10123,central florida lincoln mercury inc
10124,central florida sales & leasing
10125,central ford y hyundai
10126,century 1 chevrolet inc
10127,century link
10128,century trucks & vans
10129,cerini/hertz car sales of columbia
10130,certified auto
10131,cfc investment company
10132,champion auto llc
10133,champion chevrolet inc
10134,champion ford
10135,champion toyota corpus christi
10136,chanti auto sales
10137,chaparral ford inc
10138,chapman honda
10139,chapman motor company
10140,chapman performance autos llc
10141,charlotte motors inc
10142,chase bank of texas
10143,chase remarketing and financial
10144,chevy auto body inc
10145,chicago auto acceptance corp
10146,chicago cars direct llc
10147,choice auto rental/lease
10148,chris scott motors
10149,chuck jordan auto sales
10150,ciocca honda
10151,circle auto wholesalers
10152,citgo financial corp
10153,citizens finance/aurora
10154,citizens financial services
10155,city center auto sales inc
10156,city hyundai
10157,city to city auto sales llc
10158,city toyota city scion
10159,clark county credit union
10160,clark knapp honda
10161,classic auto sales
10162,classic chevrolet inc
10163,classic chrysler jeep dodge ram
10164,classic motors
10165,clay cooley isuzu
10166,clear lake chrysler jeep dodge
10167,clear lake volkswagen
10168,clear remarketing
10169,clement's auto sales llc
10170,cnac/piedmont acceptance corporation/raleigh
10171,coastal finance co/swansboro
10172,cocoa hyundai inc
10173,collins auto sales
10174,colorado motors
10175,community acceptance inc
10176,community auto center llc
10177,community auto sales inc
10178,community trust bank  inc.
10179,community united credit unoin
10180,community west credit union
10181,compass luxor
10182,complete auto sales llc
10183,continental motors inc
10184,continental used auto sales inc
10185,conway chry dodge jeep inc
10186,cook volkswagen llc
10187,cooper motors inc
10188,coosa pines fcu
10189,core credit union
10190,cornerstone credit union
10191,cornhusker auto center inc
10192,corporate auto wholesale inc
10193,corry ford
10194,costa azul auto sales
10195,costa mesa nissan
10196,cottonport bank
10197,cottonwood motors inc
10198,cougar auto sales
10199,coulter cadillac inc
10200,coulter infiniti
10201,coulter nissan
10202,country auto mart llc
10203,country saab of orange county
10204,countryside auto sales
10205,county & municipal employees credit union
10206,courtesy acura
10207,courtesy chevrolet center
10208,courtesy chrysler jeep
10209,courtesy mazda
10210,cowboy kia of conroe
10211,cowboy motors of vidor
10212,cox fleet/ge capital
10213,cpm motors inc
10214,craigs auto sales
10215,credit master auto sales inc
10216,creditmax inc
10217,crencor truck & van super store
10218,crescent auto sales inc
10219,crest ford flat rock inc
10220,cross dock llc
10221,crossline on fort road
10222,crossroad motors
10223,crossroads car and truck
10224,crown jaguar
10225,crown kia
10226,crown volvo
10227,crystal chevrolet
10228,csg love's auto galleria
10229,ctk auto
10230,cub hill motor co inc.
10231,culver city honda
10232,culver city toyota
10233,curb automotive group llc
10234,curry hyundai subaru
10235,curtis super 40
10236,d & a auto sales
10237,d & d motors inc
10238,d & m auto sales
10239,d j s auto sales
10240,d-lux group inc
10241,d3 wholesale llc
10242,dale earnhardt jr chevrolet
10243,dale earnhardt jr. buick gmc cadillac
10244,dallas fcu
10245,damascus community bank
10246,dan deery rental
10247,dan vaden chev olds bu cad is
10248,dan welles southtown inc
10249,danny holder automotive  inc.
10250,dario auto sales
10251,darroch motorsports
10252,dave riddle wholesale
10253,david r mcgeorge car co inc
10254,david ragan ford
10255,davis olaughlin buick gmc cadillac
10256,day air credit union
10257,daytona mitsubishi
10258,dch kia of temecula
10259,dealer auto sales
10260,dealers choice auto brokers ltd
10261,deals r us auto sales inc
10262,dean mccrary kia
10263,decatur transit inc
10264,dedham auto mall
10265,deemiracle auto group llc
10266,deer valley fleet & leasing
10267,delaware cadillac olds saab
10268,dellenbach motors
10269,deluca toyota
10270,deluxe auto sales inc
10271,dempewolf ford lincoln mercury
10272,dene lambkin honda
10273,dene lambkin hyundai
10274,dens auto center llc
10275,dependable auto sales llc
10276,deragon us leasing inc
10277,derek scott's auto park
10278,desoto automotive enterprises inc
10279,destination motors
10280,destination nissan
10281,dfw select motorcars llc
10282,dg auto corp
10283,dhcu community credit union
10284,diamond buick gmc alexandria
10285,dick brantmeier ford inc
10286,dick vlist motors  inc.
10287,din motors llc
10288,directbuy automotive group
10289,dixon ford lincoln mercury llc
10290,dixons automotive llc
10291,dolan toyota scion
10292,don bohn ford
10293,don davis buick gmc
10294,don reeves auto center
10295,dondelinger chev cad inc
10296,dossett gmc cadillac inc
10297,doug perry wholesale cars inc
10298,doug woods auto sales
10299,dowdy auto sales
10300,dowling toyota of litchfield
10301,drive time
10302,drive with pride inc
10303,drivers financial
10304,dsi auto sales llc
10305,dtg trade ins
10306,dublin hyundai
10307,dublin toyota
10308,dubois & freres ltd
10309,duffy wholesalers
10310,dunn motors
10311,dutrac community credit union
10312,duval acura
10313,dynamite auto sales inc
10314,e & k's auto sales llc
10315,e j auto sales inc
10316,e-trade auto sales
10317,eagle motorsports corporation
10318,east coast auto group inc
10319,east coast motors of nj
10320,east lawn one llc
10321,east west lincoln mercury inc
10322,easy money
10323,ecargarage
10324,eckhaus fleet llc
10325,econo automotive center inc
10326,economy auto wholesale
10327,economy honda superstore
10328,ed hicks infiniti
10329,ed hicks nissan ltd
10330,ed koehn ford lincoln mercury
10331,ed martin nissan of fishers
10332,ed murdock ford
10333,eden auto brokers inc
10334,eden prairie nissan
10335,eden vehicle marketing inc
10336,eiffel motors
10337,el general auto dealer
10338,elease returns com corporation
10339,element financial corp
10340,elephant auto group
10341,eli's auto world inc
10342,elite auto financing
10343,elite auto sales llc
10344,elite motor mall
10345,elite remarketing
10346,elizabeth andrus - trustee
10347,ellis automotive group inc
10348,elrac  llc
10349,em cars inc
10350,emad auto sales
10351,empire group
10352,emporium auto sale llc
10353,enable mississippi river transmission llc
10354,energy country motors
10355,enterprise
10356,enterprise car sales/farmington hills
10357,enterprise fleet services/st louis
10358,enterprise fm exchange/lease
10359,enterprise vehicle exchange/el paso
10360,enterprise vehicle exchange/linthicum heights
10361,enterprise vehicle exchange/lombard
10362,enterprise vehicle exchange/montgomery
10363,enumclaw chrysler jeep dodge
10364,estate sales
10365,ett auto sales llc
10366,eufaula ford  inc.
10367,euro auto collection inc
10368,euro motorsports
10369,european / international gmbh
10370,european auto house
10371,european auto inc
10372,everything on wheels
10373,evia auto sales inc
10374,ewald fleet solution
10375,excellent auto sales inc
10376,executive car leasing
10377,exotic motors corporation
10378,exotics car rentals for less inc
10379,express auto
10380,express auto finance llc
10381,eynon pontiac buick inc
10382,ez auto connection  llc
10383,ez loan autoplex
10384,fagan cars & trucks
10385,fairway ford lincoln mercury inc
10386,fancy motors inc
10387,faricy ford lincoln inc
10388,farm bureau insurance
10389,farmers financial services
10390,farr west motors llc
10391,fast cars
10392,fast lane direct llc
10393,father & son 170 atlantic av car corp
10394,fca us llc
10395,fca us/hertz/pv holding
10396,federated capital corp
10397,federated law group llc
10398,fenton nissan of lees summit
10399,fidelity motors
10400,fields jeep inc
10401,fiesta motors inc
10402,fifth austin funding llc
10403,fim auto group llc
10404,findlay cadillac
10405,finest cars inc
10406,first citizens bank
10407,first class auto
10408,first class auto inc
10409,first financial corp
10410,first team hyu-nis-sub-vw auto mall
10411,first texas auto credit inc
10412,fiserv/greylock credit union
10413,fiserv/telhio credit union
10414,fiserv/visions fcu
10415,five star auto sales corp.
10416,flag/ald motors inc
10417,flag/audi fort myers
10418,flag/bert smith euro collection
10419,flag/capital eurocars inc
10420,flag/cotroneo auto group
10421,flag/dash motors inc
10422,flag/ferman bmw
10423,flag/fort worth audi
10424,flag/genuine motorcars inc
10425,flag/hiley mazda
10426,flag/jaguar of tampa
10427,flag/landrover southpointe
10428,flag/landrover tampa
10429,flag/left lane exotics llc
10430,flag/mclaren tampa bay
10431,flag/mint motorcars inc
10432,flag/motorwerks vehicle sales llc
10433,flag/oceanside auto center
10434,flag/park place maserati
10435,flag/platinum motor cars
10436,flag/proctor automotive inc
10437,flag/proctor motor company
10438,flag/proctor subaru
10439,flag/rbm of atlanta
10440,flag/reeves import motorca
10441,fleet sales & services llc
10442,fleet sales llc
10443,fleetway leasing company
10444,flexdrive
10445,flexilease
10446,flip my cycle.com inc
10447,florida auto sales & leasing inc
10448,florida autobrokers of st augustine
10449,florida credit group llc
10450,florida direct autos
10451,florida european inc
10452,florida luxury auto group/capital eurocars inc
10453,floridas finest used cars llc
10454,flynns auto sls & serv inc
10455,fnc towing & snowplowing in
10456,ford of ocala
10457,fordham toyota
10458,foreign affairs auto inc
10459,four guys auto sales inc
10460,fox communities credit union
10461,fox ford inc
10462,fox subaru
10463,franklin sussex auto mall inc
10464,fratelli auto repair
10465,fred anderson toyota of charleston
10466,frederick auto center inc
10467,fredy kia
10468,freedom auto
10469,freedom ford inc
10470,freedom honda
10471,freedom nissan inc
10472,freeway investments
10473,fuccillo kia of clay
10474,fuller ford
10475,future auto sales inc
10476,future ford of clovis
10477,fx caprara vlkwg trailer sales
10478,g & g inc
10479,g & m auto sales inc
10480,g and h auto sales llc
10481,g brothers auto brokers inc
10482,g payne sales
10483,g's automotive
10484,g-force auto sales
10485,galaxy autoplex
10486,garcia subaru el paso
10487,gardelli motors
10488,garden city jeep chrysler dodge llc
10489,garden savings federal credit union
10490,garfield used cars llc
10491,garnett motorcars  inc.
10492,gary motors inc
10493,gateway subaru llc
10494,geko motors
10495,general american rental
10496,general credit acceptance co llc
10497,gerald nissan inc
10498,geralds auto sales
10499,germain ford of beavercreek
10500,gert's auto sales llc
10501,gesswein motors inc
10502,global auto finance
10503,global trading used cars llc
10504,global venture capital/dba airport rac of atl
10505,go rentals
10506,golding enterprise
10507,good friends auto sales llp
10508,good motor company llc
10509,goodman chevroletcadnissan inc
10510,google auto sales llc
10511,grand valley auto sales
10512,grandview motors inc
10513,granite buick gmc inc
10514,granite peaks motor co.
10515,granville autos llc
10516,gray chrysler dodge jeep
10517,gray daniels nissan north
10518,great lakes credit union
10519,great meadows automotive
10520,greater access financial llc
10521,green ride  inc.
10522,green ride auto inc
10523,gs auto sales
10524,gt3 auto group
10525,gtl norcross llc
10526,guardian credit union
10527,gulf coast ford
10528,gulf credit union
10529,gulf south auto llc
10530,gulf state finance company
10531,gulfgate dodge chrysler jeep inc
10532,gunther volkswagen
10533,gwinnett auto sales
10534,h d auto sales inc
10535,h g motorcar corporation
10536,h j auto group inc
10537,hacienda ford
10538,halloran auto sales inc
10539,hamdan corp
10540,hankins automotive
10541,happy hyundai
10542,hardins wholesale inc
10543,hardy chevrolet inc
10544,harold's auto sales llc
10545,hata/dt
10546,hatch toyota
10547,head motor company
10548,healey ford lincoln llc
10549,heartland fcu
10550,heartland motors inc
10551,hebert auto
10552,hector felix auto corp
10553,heiser chevrolet cadillac of west bend inc
10554,hendersonville chrysler dodge jeep ram
10555,hendrick alfa romeo fiat of cary
10556,hendrick alfa romeo fiat of concord
10557,hendrick chevrolet buick gmc cadillac southpoint
10558,hendrick fiat of fayetteville
10559,hendrick toyota scion apex
10560,herbey's auto sales llc
10561,heritage volkswagen lithia springs
10562,hertrich family
10563,hertrich ford lincoln mercury
10564,hertrich toyota scion
10565,hertz car exchange inc/alexandria
10566,hertz car exchange inc/jackson
10567,hertz car exchange inc/monroe
10568,hertz(ottawa) ltd
10569,hevener's cars & trucks
10570,high & low auto sales inc
10571,high speed auto
10572,highline wholesale
10573,highway 30 motors
10574,holiday motors
10575,holmes tuttle ford lincoln mercury
10576,home credit corp inc/goldsboro
10577,honda east
10578,honda gallery
10579,honda of burien
10580,honda of clear lake
10581,honda of new rochelle
10582,honda of oakland
10583,honda of seattle
10584,honda of slidell
10585,honda redwood city
10586,horne ford of nogales llc
10587,horner sales
10588,hou tex finance
10589,houston auto plex inc
10590,houston direct auto inc.
10591,houston distributing
10592,houston premium motorcars
10593,hub cap city auto sales
10594,hub hyundai west
10595,hudson auto sales inc
10596,hudson's stratford kia
10597,humberview buick gmc
10598,hummer connections inc.
10599,huntersville ford
10600,hyundai on perryville
10601,i -5 uhlmann rv
10602,i 80 auto sales
10603,i motorz
10604,iautohaus
10605,iberia bank
10606,ideal buick gmc truck hyundai
10607,ideal cars guaranteed auto loans inc
10608,image imports auto brokerage inc
10609,immo gest inc
10610,imola enterprises llc
10611,imotobank
10612,imperial auto mall llc
10613,imperio kia of san juan capistrano
10614,import specialists
10615,indian lake motors llc
10616,industry auto sales llc
10617,infiniti of warwick
10618,integrity 1st automotive llc
10619,integrity automotive
10620,integrity automotive llc
10621,intercorp holdings  llc
10622,intermountain auto works  inc
10623,international autoplex inc
10624,international imports
10625,interstate motorsport llc
10626,inver grove toyota
10627,investment motors sales & leasing
10628,isaac motors
10629,island auto sales llc
10630,iverson chrysler center inc
10631,j & a motors llc
10632,j & g auto city inc
10633,j & j fleet sales inc
10634,j & l auto sales llc
10635,j & m auto sales
10636,j & r wholesale
10637,j c auto deals
10638,j d byrider of flint
10639,j j wholesale
10640,j m j enterprise
10641,j p's auto sales
10642,j s car sales inc
10643,j.h. sales
10644,jack key kia
10645,jack key nissan
10646,jack matia honda
10647,jackpot auto sales
10648,jackson lease inc
10649,jacksonville auto mart
10650,jacobs auto sales & service
10651,jaguar houston north  land rover houston north
10652,jaguar land rover anaheim hills
10653,jaguar landrover hilton head
10654,jaguar motors inc
10655,james hodge toyota
10656,james martin chevrolet inc
10657,james motorsports llc
10658,jansens auto sales
10659,jasper auto sales
10660,jay auto sales corp
10661,jay automobiles inc
10662,jay bennett automotive llc
10663,jb remarketing llc
10664,jds rv outlet inc
10665,jefferson bank
10666,jeffrey motors llc
10667,jerry ulm dodge chrysler jeep
10668,jerry's auto sales
10669,jerrys auto sales inc
10670,jersey city ford lincoln mercury
10671,jersey shore fcu
10672,jfk auto center
10673,jim baier inc
10674,jim burke automotive inc
10675,jim butner auto & rv inc
10676,jim click chry ply jeep eagle
10677,jim click kia
10678,jim click nissan
10679,jim falk lexus of beverly hills
10680,jim glover chevrolet
10681,jim norton chevrolet
10682,jim russ pre-owned outlet
10683,jimmy auto sale llc
10684,jimmy's auto sales inc
10685,jims auto sales inc
10686,jmc leasing spec
10687,jmj wholesale autos
10688,jodeco auto sales inc
10689,joe hall used cars inc
10690,joe myers toyota
10691,joel auto sales
10692,joes auto inc
10693,john amato nissan inc
10694,john elway cadillac of park meadows
10695,john hiester chevrolet llc
10696,john jones chevrolet buick cadillac of salem inc
10697,john's auto sales inc
10698,johns auto sales incorporated
10699,johnston county area transit system
10700,jones motor co inc
10701,jordan ford ltd
10702,jorgensen ford inc
10703,jr used cars
10704,jrs motor cars
10705,jud kuhn chevrolet
10706,k & k auto sales
10707,k & z group llc
10708,k and a automotive inc
10709,k and l sales inc
10710,k b motors inc
10711,k c motors
10712,k o enterprises of columbia inc
10713,karma cars of arizona llc
10714,kas kibo auto sales corp
10715,kasper toyota
10716,kb express auto sales
10717,kearns motor car co inc
10718,keesler fcu
10719,keesler federal credit union
10720,keffer mazda
10721,kemba financial credit union
10722,ken stillwell ford merc inc
10723,kents auto sales inc
10724,key cadillac inc
10725,key used cars ltd
10726,keyser and miller ford inc
10727,keystone acquisition bureau
10728,khalcom motors inc
10729,kia of arlington
10730,kia of west nyack
10731,kim auto sales llc
10732,king honda car world
10733,kingdom auto sales llc
10734,kings motor group
10735,kinsella kars
10736,kirtland fcu
10737,kisselback ford
10738,kkr auto
10739,klasse auto
10740,kman auto sales llc
10741,kmg motorcars
10742,knudtsen chevrolet company
10743,kobza motors inc
10744,kocourek nissan
10745,kodus leasing inc
10746,kon motors
10747,koons ford of baltimore inc
10748,korf continental
10749,kosic auto dealership inc
10750,kraft nissan
10751,l & b auto sales corp
10752,l & k enterprises
10753,l & l wholesales
10754,l a auto sales inc
10755,la auto star inc
10756,lafontaine ford of frankenmuth
10757,lafontaine honda
10758,lake erie auto credit inc
10759,lake forest motors
10760,lake gm auto center
10761,lake powell auto group
10762,lakeview sales llc
10763,lakeview service of clifton inc
10764,lance cromer inc
10765,land rover jaguar louisville
10766,land rover rocklin
10767,land rover/ jaguar/ aston martin
10768,lano usa inc
10769,larry h miller bountiful chrysler jeep dodge
10770,larry h miller chevrolet provo
10771,larry h miller dodge peoria
10772,larry h miller honda spokane
10773,larry h miller hyundai peoria
10774,larry h miller nissan mesa
10775,larry h miller toyota albuquerque
10776,larry h miller volkswagen tucson
10777,larry h. miller chevrolet
10778,larry miller volkswagen avondale
10779,larrys auto sales
10780,larson ford inc
10781,las vegas motorcars
10782,latty and son inc
10783,lawley honda
10784,le circuit ford lincoln ltee
10785,leaseyourcar.com
10786,lee johnson chevrolet
10787,leesburg auto import llc
10788,legacy ford pasco
10789,legacy texas bank
10790,leith inc
10791,len roberts enterprises  inc.
10792,lencore leasing inc
10793,lenders assistance corp/auction advantage group
10794,lendmark financial services/elizabeth city
10795,lendmark financial services/orlando
10796,let'em ride autos incorporated
10797,lewis auto sales inc
10798,lexus of glendale
10799,lexus of warwick
10800,lg & e company credit union
10801,lh mellon financial inc dba/title loans
10802,liberty bay auto center inc.
10803,liberty gmc
10804,liccardi motors llc
10805,lienemann auto sales inc
10806,linton motorsport  inc.
10807,lithia chrysler jeep dodge of eureka
10808,lithia subaru of fresno
10809,livermore honda
10810,livingston motor company
10811,lloyd's plan inc
10812,lm auto incorporado
10813,loaning america
10814,lompoc honda
10815,lone star chevrolet
10816,lonestar truck & trailer
10817,long beach bmw & long beach mini
10818,long island motorcars inc
10819,long mcarthur inc
10820,loomis motorsports
10821,loop auto sales and service llc
10822,lotus of las vegas
10823,lou fusz buick gmc
10824,lou fusz subaru st peters
10825,lou sobh honda
10826,louie herron chrysler dodge jeep ram
10827,love chrysler dodge jeep llc
10828,lsk automotive llc
10829,lucky seven auto group inc
10830,lucky's auto sales
10831,luis rujel auto sales inc
10832,luxor auto wholesale
10833,luxury auto collection llc
10834,luxury autos of great neck llc
10835,luxury imports auto sales inc
10836,luxury motors
10837,lynn hines used cars
10838,m & b motors
10839,m & m brothers car sales inc
10840,m & s auto group inc
10841,m and m auto sales
10842,m motors llc
10843,m/m ent
10844,madera chevrolet oldsmobile toyota
10845,magic auto center of reseda
10846,magna auto rentals inc
10847,magnum motors llc
10848,maguire & sons auto brokers
10849,mahoneys auto mall inc
10850,major world chevrolet llc
10851,malloy hyundai
10852,manhattan motors llc
10853,manheim auctions inventory
10854,manheim fort myers
10855,manheim palm beach pnd arb
10856,manheim tucson
10857,mankato ford
10858,manor resources llc/turbo title loans
10859,maps auto center llc
10860,marco & sons auto llc
10861,marino chrysler jeep dodge
10862,mark cj inc
10863,mark down motors  inc.
10864,mark stefanelli llc
10865,marks auto sales
10866,marks auto sales inc
10867,martin nemer volkswagen corp
10868,masterpiece motorcars llc
10869,matthews hargreaves chevrolet co
10870,max cars
10871,maxie price chev olds inc
10872,maximum auto search
10873,maxwell chrysler jeep dodge
10874,maybach auto sales inc
10875,maysalah corp
10876,mazda of clear lake
10877,mazda of escondido
10878,mazda of orange
10879,mazmo auto sales
10880,mbz 4 less
10881,mccarthy blue springs nissan inc
10882,mcdonald independent pre owned subaru jeep
10883,mcelwrath motors
10884,mckenna porsche
10885,mckenna volkswagen
10886,mcloughlin chrysler jeep fiat
10887,mcquiston motors
10888,me auto  llc
10889,medgaardens sw sales inc
10890,mel hambelton ford inc
10891,mel's auto
10892,melloy dodge
10893,members choice credit union
10894,menhiem auto
10895,mercado motors
10896,mercedes benz of cincinnati llc
10897,mercedes benz of georgetown
10898,mercedes benz of valencia
10899,mercedes benz of warwick
10900,mercedes benz of west chester
10901,mercedes benz of wilmington
10902,mercedes-benz finc services/tracking
10903,mercedes-benz of ann arbor
10904,mercedes-benz of houston greenway
10905,mercedes-benz of houston north
10906,mercedes-benz of melbourne
10907,mercedes-benz of tri-cities
10908,merit chevrolet co
10909,merits auto & vans sale
10910,metallic auto inc
10911,metro mike trading & cycle
10912,metro toyota
10913,metro west auto
10914,metrosport motorcars inc
10915,meyers motors
10916,mfg prestige auto group llc
10917,michael & sons auto sales llc
10918,michigan community credit union
10919,michmich auto brokers
10920,mid florida cu
10921,mid florida finance llc
10922,middlekauff ford lincoln
10923,midstate motors
10924,midtown auto group
10925,midway car rental
10926,midway recovery inc
10927,midwest automotive marketing inc
10928,midwest car source llc
10929,midwest customs
10930,midwest diesel trucks llc
10931,mike davidson ford
10932,mike shaw toyota
10933,mike's auto sales llc
10934,mike's auto shack
10935,mikes trucks & cars
10936,mikhail okhtenberg
10937,milbank ford inc
10938,milledgeville hyundai llc
10939,mills capitol auto sales inc
10940,mini north scottsdale
10941,mini of warwick
10942,miracle toyota
10943,mirador auto sales
10944,mission mitsubishi
10945,mlg auto
10946,mmco llc
10947,moab ford
10948,mobile car buyer
10949,mobility express inc
10950,molloy's service center
10951,momentum audi
10952,momentum bmw
10953,momentum volkswagen
10954,money train title loans
10955,moon motors lv llc
10956,moon valley used cars inc
10957,moore automotive group
10958,moree motors
10959,morries cadillac
10960,morris motors inc
10961,motor trade
10962,motor trend imports llc
10963,motor trends
10964,motorcars of delaware
10965,motorcars of distinction inc
10966,motors acceptance corp
10967,motorsports unlimited inc
10968,motorvation llc
10969,motorvest leasing
10970,motorworld
10971,mountain remarketing
10972,mp auto sales llc
10973,mrd investments inc
10974,msm auto llc
10975,msu fcu
10976,munday chevrolet
10977,mundy's collision center inc
10978,murdock hyundai murray llc
10979,mutual first credit union
10980,my community fcu
10981,mylenbusch auto source
10982,myrtle beach chevrolet cadillac inc
10983,n & b motorworks inc
10984,n a b inc
10985,nabors used cars
10986,nahas auto center
10987,nalley nissan of atlanta
10988,napleton cad saab
10989,napleton's north palm lincoln
10990,napletons auto werks of bourbonnais inc
10991,napletons elgin kia
10992,national auto mart
10993,national fleet wholesale inc
10994,national livery sales
10995,nationwide auto warehouse inc
10996,nba credit union
10997,nc import inc
10998,neil huffman subaru
10999,new concepts leasing inc
11000,new jersey auto whlsale inc
11001,new market auto
11002,new prague chevrolet
11003,new webster auto sales inc
11004,newby buick oldsmobile pontiac gmc inc
11005,nflcarsus
11006,nica motors inc
11007,nicks motor cars
11008,nicks towing service inc
11009,nicoles auto sales
11010,niello bmw
11011,niello fiat/masarati sacramento
11012,nielsen dodge chry jeep llc
11013,niku enterprise
11014,nissan dealer blend/briggs motor company
11015,nissan dealer blend/infiniti of montclair
11016,nissan dealer blend/kings infiniti inc
11017,nissan dealer blend/sewell infiniti of ft worth
11018,nissan dealer blend/west houston infiniti ltd
11019,nissan of fort worth
11020,noho auto group inc
11021,nordic sales & leasing
11022,norm reeves honda superstore
11023,north little rock nissan
11024,north star
11025,north york chrysler jeep dodge ram fiat
11026,northeast car connection inc
11027,northgate auto sales inc
11028,northway ford lincoln
11029,ntx auto group
11030,nu image auto llc
11031,nunez holding fla city
11032,nusenda federal credit union
11033,nuwest motors
11034,nw fleet llc
11035,nw vehicle remarketing
11036,o c motors
11037,oak avenue auto sales
11038,oars fleet lease llc
11039,oasis chevrolet llc
11040,ocautomotive llc
11041,ocean city chevrolet
11042,ocean equipment inc
11043,oceanside auto center inc
11044,ocf auto llc
11045,odessy auto sales
11046,ohio auto sales (ab)
11047,ohio valley ford mercury llc
11048,okemos auto collection
11049,olathe dodge chrysler jeep
11050,old national bank
11051,olivia chrysler center
11052,olympia leasing inc
11053,on time finance inc
11054,one stop automotive and collision center inc
11055,onemain rem/abram trading corporation
11056,onemain rem/american auto credit inc
11057,onemain rem/antonios auto sales
11058,onemain rem/auto access
11059,onemain rem/auto cars&trucks
11060,onemain rem/auto loan finders inc
11061,onemain rem/bedouin auto sales
11062,onemain rem/bill hancock motors llc
11063,onemain rem/campus auto retail service
11064,onemain rem/cars for less
11065,onemain rem/cartime auto center
11066,onemain rem/common cents auto
11067,onemain rem/dmc motors of florida
11068,onemain rem/facildeal auto center
11069,onemain rem/intergrity automotive
11070,onemain rem/java enterprise
11071,onemain rem/joshy auto sales
11072,onemain rem/kia of mankato
11073,onemain rem/mark stefanelli llc
11074,onemain rem/nationwide auto sale llc
11075,onemain rem/navigli usa inc
11076,onemain rem/platinum motors
11077,onemain rem/regional management corp
11078,onemain rem/southern auto credit
11079,onemain rem/sullivan auto group
11080,onemain rem/th motors llc
11081,onemain rem/tovi auto sales
11082,onemain rem/valley automotive ii
11083,oneok inc
11084,onesource/jeff smith volkswagen of warner robins
11085,onesource/ralph hayes toyota
11086,onesource/stone mountain toyota
11087,onesource/teamone toyota of gadsden
11088,onesource/treasure coast toyota of stuart
11089,orange empire auto center
11090,orlando auto lounge llc
11091,orr bmw
11092,orr nissan
11093,our local dealer
11094,outland motors
11095,overseas auto imports
11096,oxmoor chrysler dodge jeep ram llc
11097,p costanzo auctioneers inc
11098,pa distributor
11099,pacific luxury motors inc
11100,pacoima motors # 2
11101,palm beach auto group
11102,palm chrysler jeep dodge
11103,palm mitsubishi
11104,panda motors
11105,panhandle educators fcu
11106,paradise automotive group inc
11107,parivash exchange
11108,park ave auto lots inc
11109,park place motor cars
11110,parks chevrolet inc
11111,parks mazda
11112,parkway chevrolet inc
11113,pars motor inc
11114,pasargad auto sales
11115,patrick buick gmc inc
11116,paul cole motors inc
11117,paul miller inc
11118,paul miller subaru
11119,paul motor company
11120,pauls auto parts ltd
11121,payson car company
11122,peak autosports llc
11123,peggy's auto sales inc
11124,peninsula infiniti llc
11125,pensacola auto brokers inc
11126,peoples auto credit inc
11127,peoria ford
11128,peoria nissan
11129,perfect auto inc
11130,perfect match auto
11131,performance auto center
11132,performance auto sales llc
11133,performance chrysler jeep dodge
11134,performance subaru porsche
11135,pete colla auto wholesale
11136,pete eischen chevrolet co.
11137,petrie auto sales inc
11138,pfsc inc
11139,phil long ford of denver llc
11140,phil long ford raton llc
11141,phil moore buick gmc
11142,phil smith acura
11143,philpott ford
11144,piazza honda of philadelphia
11145,piazza mazda of west chester
11146,pie ix chrysler 2000 inc
11147,pigg enterprises inc
11148,pilot auto sales inc
11149,pinnacle financial partners
11150,pinnacle nissan inc
11151,pioneer financial corp
11152,pit box auto sales llc
11153,pit stop motors inc
11154,pitstop finance llc
11155,planet auto group inc
11156,planet hyundai
11157,platinum auto world
11158,plaza auto sales inc
11159,pleasure ride auto inc
11160,point auto repair inc
11161,pointe auto
11162,pontotoc auto sales
11163,porsche of hilton head
11164,porsche of melbourne audi melbourne
11165,porsche of san diego
11166,porsche of west houston
11167,port lavaca ford inc
11168,potlatch no1 federal credit union
11169,potomac preowned auto sales
11170,power motors inc
11171,power remarketing inc
11172,pra location services
11173,practical car rental/emak industries inc
11174,prater ford inc
11175,precision auto group llc
11176,precision kia of wesley chapel
11177,precision toyota of tucson
11178,premier automotive imports of ca llc
11179,premium motors inc
11180,prestige audi
11181,prestige auto remarketing llc
11182,prestige autos
11183,prestige leasing & management inc
11184,prestige lexus
11185,prestige lincoln
11186,prestige of mahwah inc
11187,prestige toyota
11188,prestige volkswagen of stamford
11189,price ford
11190,prime auto direct
11191,prime auto finance
11192,prime west finance
11193,primeritus
11194,primeritus remareting/pee dee auto buyers
11195,primeritus remarketing/ams auto plaza
11196,primeritus remarketing/bravo truck center
11197,primeritus remarketing/bullseye motors inc
11198,primeritus remarketing/bwk of columbia
11199,primeritus remarketing/cur
11200,primeritus remarketing/d c enterprise
11201,primeritus remarketing/eac
11202,primeritus remarketing/eurocar imports
11203,primeritus remarketing/nexus motor trade
11204,primeritus remarketing/paz auto sales
11205,primeritus remarketing/pinnacle auto sale
11206,primeritus remarketing/po boys garage & wrecker
11207,primeritus remarketing/rpm automotive ser
11208,primeritus remarketing/safeway motors sales of l
11209,primeritus remarketing/sandwood co inc
11210,primeritus remarketing/tampa postal fcu/ez-step
11211,primeritus remarketing/us financial auto credit
11212,primeritus remarketing/usa auto leasing
11213,primertus remarketing/haak auto
11214,procar
11215,professional financial services/arden
11216,professional financial services/tampa
11217,profound auto care inc
11218,prospect motor company llc
11219,provident auto sales
11220,pt auto wholesale
11221,pugmire ford of cartersville
11222,pure pursuit automotive
11223,quality acceptance corp
11224,quality auto sales usa inc
11225,quality autos of collins
11226,quality car sales
11227,r & m auto sales
11228,r and d auto brokers
11229,r.e.s. enterprises exchange llc
11230,raceway ford inc
11231,ram sub inc
11232,ramsey chrysler jeep
11233,ramsey nissan inc
11234,ramsey volvo
11235,randy adams inc
11236,randy reed buick gmc inc
11237,rapid remarketing
11238,ras auto sales llc
11239,rauto llc
11240,rawan auto sales llc
11241,ray jameson co
11242,raz cars inc
11243,rb auto group inc
11244,rbm of alpharetta smart center of alpharetta
11245,rc motorcars
11246,reachme auto group llc
11247,red hoagland hyundai inc
11248,red mccombs superior hyundai
11249,regal nissan inc
11250,regal pontiac inc
11251,regional finance corp/conway
11252,reliable auto finance
11253,remarketing by ge/cav leasing-columbus
11254,remarketing by ge/collateral solutions
11255,remarketing by ge/compass financial fcu
11256,remarketing by ge/courtesy chrysler jeep dodge
11257,remarketing by ge/cowboys automotive inc
11258,remarketing by ge/eurosport auto
11259,remarketing by ge/frontier financil credit union
11260,remarketing by ge/fusion auto finance llc
11261,remarketing by ge/generic accounts
11262,remarketing by ge/h&h motors inc
11263,remarketing by ge/ic federal credit union
11264,remarketing by ge/java enterprise
11265,remarketing by ge/oak trust credit union
11266,remarketing by ge/partners federal credit union
11267,remarketing by ge/premier america credit union
11268,remarketing by ge/rocky mountain motors
11269,remarketing by ge/shine auto brokers inc
11270,remarketing by ge/south texas fun center
11271,remarketing by ge/star sales
11272,remarketing by ge/strategic remarketing solution
11273,remarketing by ge/taylor auto sales
11274,remarketing by ge/ted a rea inc
11275,remarketing by ge/underwriters auto lease
11276,remktgedge/cars/auto one acceptance
11277,rennsport naples llc
11278,renty car rental
11279,repo remarketing / educational employees cu
11280,repo remarketing/harris county fcu
11281,repo remarketing/united catholics fcu
11282,repossess auto
11283,repossessors inc
11284,republic finance llc/hattiesburg
11285,revolution motor cars
11286,rg sales
11287,rhima investments inc
11288,rich ford sales
11289,richardson wholesale
11290,ride now motors
11291,ride rite auto llc
11292,ridenour auto group
11293,right honda
11294,rightway automotive credit
11295,rinos auto sales inc
11296,rite car
11297,river's auto inc
11298,riverton elko chevrolet buick gmc cadillac
11299,rj pickup & accessories inc
11300,rlh auto group inc
11301,road auto finance
11302,road master auto group inc
11303,robbie joyners auto sales llc
11304,robbins motor sports llc
11305,robert chevrolet inc
11306,robert horne ford llc
11307,robertson truck sales inc
11308,rochester auto exchange
11309,rochester ford
11310,rochester imports inc
11311,rock road auto plaza
11312,rocky mountain credit union
11313,rogers & rogers nissan
11314,rogers-dabbs chev hummer inc
11315,ron craft chevrolet cadillac
11316,ron davidson chevrolet buick gmc
11317,ron tonkin honda
11318,ronningen motors llc
11319,roper kia
11320,rose auto sales inc
11321,route 123 motors
11322,route 22 auto sales inc.
11323,route 22 honda
11324,route 22 nissan inc
11325,route 44 toyota
11326,roy foss motors ltd
11327,royal auto trading
11328,royal blue auto inc
11329,royal edition motors inc
11330,royal palm toyota & royal palm scion
11331,rp auto sales inc
11332,rpm auto sales
11333,rpm highline inc
11334,rtc auto sales inc
11335,rte 6 auto max
11336,rts auto sales inc
11337,ruan car leasing
11338,rush city auto
11339,russell & smith ford inc
11340,russell & smith mazda
11341,ryan motorsport
11342,s swope honda world
11343,s/j auto
11344,saamsept auto corp
11345,safford fiat of tysons corner
11346,salem auto show inc
11347,salesian society
11348,sam auto dealer
11349,sam boswell honda
11350,sam leman chry jeep dodge of morton
11351,sams wholesale cars inc
11352,san francisco police credit union
11353,san francisco toyota
11354,san jose auto exchange
11355,santa fe autoplex llc
11356,santander
11357,santee automotive llc
11358,sarabia auto sales llc
11359,sarasota ford
11360,saratoga motorsports
11361,savage dodge
11362,sawyer motors
11363,sc state federal credit union
11364,scarsview plymouth chrysler jeep eagle
11365,schmitt imports llc
11366,schukei chevrolet inc
11367,schumacher chevrolet
11368,schumacher chevrolet of clifton
11369,scott evans chrysler dodge jeep
11370,scottsdale auto exchange
11371,seaport auto sales llc
11372,security first credit union
11373,select auto group
11374,select auto sales
11375,select cars
11376,select jeeps inc
11377,selective autoplex
11378,self-help credit union
11379,sell your car today llc
11380,sellers-sexton inc
11381,selma hyundai
11382,semersky enterprises inc
11383,semraj llc
11384,serra chev olds honda chrysler
11385,seyroche auto
11386,shabelle auto sale and service llc
11387,sharefax credit union
11388,shaver automotive group inc
11389,shays autos
11390,sheehy ford lincoln
11391,sheehy nissan of springfield  inc.
11392,sheehy volkswagen
11393,sheik auto
11394,shell fcu
11395,shemwell motor company
11396,shenandoah motors inc
11397,sheppard motors ltd
11398,sherman oaks exclusive
11399,shogun auto center
11400,shorecars llc
11401,shortline automotive inc
11402,show me auto mall inc
11403,showroom auto llc
11404,silver creek ford
11405,simon auto & truck sales inc
11406,simply wheelz dba advantage rent a car
11407,skillings auto sales inc
11408,skinners auto wholesale
11409,sky auto & truck corp
11410,sky motors llc
11411,skyline cars inc
11412,sloane honda
11413,sloane toyota
11414,sloane toyota of malvern
11415,sloane toyota of philadelphia
11416,smart drive llc
11417,smart toyota of quad cities
11418,so cal motors
11419,soeby motor company
11420,soelter auto sales inc
11421,soho auto group inc
11422,sondos trade company
11423,sonic momentum jvp lp
11424,sonju two harbors llc
11425,sonss auto
11426,source one adj of ohio inc/wright-patt cu
11427,south dade toyota
11428,south dayton auto & truck service llc
11429,south lake rv
11430,south texas auto auction
11431,southeast auto group
11432,southern auto finance corp/orlando
11433,southern california autobahn inc
11434,southern lenders llc
11435,southern remarketing solutions
11436,southwest auto sales
11437,southwest financial and leasing
11438,southwest kia nw
11439,southwest volkswagen of weatherford
11440,spallco enterprises inc/non pgm
11441,spallco rentals
11442,spartan auto brokers llc
11443,spectacular cars inc
11444,speed club inc
11445,speedy auto sales inc
11446,sph & l auto export
11447,spooner sales inc
11448,sportchassis of texas
11449,sports & imports inc
11450,spradley barr ford  inc.
11451,srp federal credit union
11452,srt wholesale auto llc
11453,st charles chrysler dodge jeep inc
11454,st louis community credit union
11455,stadium auto california
11456,stan bennett sales inc
11457,stan mcnabb ford llc
11458,standley  p.m. corporation(2)
11459,starco financial llc
11460,starfleet cars of cincinnati
11461,startech
11462,starter finance llc
11463,state cap auto finance
11464,state employees credit union
11465,statesville wholesale
11466,steel city auto sales
11467,steele boys automotive llc
11468,stephens chrslr jeep dodge of grnwich llc
11469,stephens chrysler jeep dodge ram of bennington
11470,sterling car sales
11471,sterling finance company
11472,sterling heights d-c-j
11473,sterling mccall nissan
11474,sterling mccall toyota
11475,steve foley cadillac inc
11476,steve schmitt inc
11477,stevens creek auto imports
11478,stevens ford inc
11479,steves auto sales & svc inc
11480,stevinson imports inc
11481,stevinson lexus of frederick
11482,stoney ledge auto sales llc
11483,straight motor sales inc
11484,streamline automotives inc
11485,street dreams
11486,streuter chevrolet inc
11487,stumpf motor company
11488,subaru of clear lake
11489,subaru of hilton head llc
11490,sun coast fleet services
11491,sun motor cars porsche audi mechanicsburg
11492,sunset auto wholesale
11493,super deal motors
11494,superior chevrolet
11495,superior motors inc
11496,supreme imports llc
11497,supreme vehicle sales llc
11498,svz auto group inc
11499,sw1 remarketing
11500,symbolic trading
11501,t and t auto repair and sales
11502,t&s california auto inc
11503,taha motors llc
11504,tamaroff leasing co
11505,tamiami ford inc
11506,tamiami hyundai
11507,tate's auto center of winslow
11508,taylor auto sales inc
11509,td auto finance consignments
11510,td auto finance/advantage/sw tex/risk
11511,tdaf remarketing/central group inc
11512,team toyota
11513,teatero motor products
11514,tech auto sales inc
11515,teds auto inc
11516,tel tone comm inc
11517,telco cu
11518,tempe honda
11519,tempe toyota
11520,tennessee employees credit union
11521,terry chapin nissan
11522,texans autos
11523,texas auto
11524,texas auto center llc
11525,texas autosmart llc
11526,the auto liquidation group
11527,the auto mall of effingham
11528,the autoplex
11529,the car outlet llc
11530,the car store  inc.
11531,the home missioners of america
11532,the mint leasing inc
11533,the rite car llc
11534,the thomas collection ltd
11535,the truck junction inc
11536,thirtieth avenue car corral inc
11537,thornhill acura
11538,thornton chevrolet inc
11539,thrifty motors inc
11540,thrifty rent a car/tulsa
11541,thunder road automotive  llc.
11542,tidewater finance co
11543,tim whitehead chrysler dodge jeep inc
11544,times trading ltd
11545,titlemax hendersonville-tn1
11546,titlemax of conway
11547,titlemax-general stock in
11548,titlemax/atlanta ga3
11549,titlemax/georgetown 1
11550,titlemax/houston tx1
11551,titlemax/lake city sc1
11552,titlemax/lake worth tx 1
11553,titlemax/manning sc1
11554,titlemax/ogden ut1
11555,titlemax/salt lake city ut2
11556,tj auto
11557,tkd motor company llc
11558,tkj auto
11559,tlmbc motors inc
11560,tom jones ford
11561,tom kadlec honda
11562,tom sibbitt chevrolet buick inc
11563,tom wood volkswagen
11564,tony's foreign auto
11565,top cars inc
11566,top line auto inc
11567,toronto auto broker
11568,tortuguero auto y/o oriental
11569,total auto rent
11570,total resource auctions - flint
11571,town & country auto sales
11572,town & country fcu
11573,town & country ford  llc.
11574,town and country motors
11575,towne bmw mini maserati of buffalo
11576,townsgate capital corporation
11577,toyota of boerne
11578,toyota of bristol
11579,toyota of brookhaven
11580,toyota of dallas
11581,toyota of merrillville
11582,toyota of north miami
11583,toyota of runnemede
11584,toyota of seattle
11585,toyota of somerset
11586,toyota of west covina
11587,trey crouch's wheels on credit inc
11588,trg sales inc
11589,tri state leasing inc
11590,tri state used auto sales
11591,tri-state truck & equipment sales
11592,triple auto body inc
11593,triple m auto finders
11594,triple r's auto sales and garage
11595,tristate auto outlet llc
11596,tropical auto connection
11597,tropical chevrolet
11598,truchoice fcu
11599,truck farm llc
11600,trucks & cars for less
11601,tulare county fcu
11602,twelve oaks auto
11603,twin city toyota
11604,twin willows auto sales inc
11605,u save
11606,u-save car and truck rental
11607,uncle milty s auto sales
11608,union auto llc
11609,union bank and trust
11610,unique automotive ltd
11611,united auto brokers
11612,united autopia
11613,united bmw
11614,united motors
11615,unity credit union
11616,universal toyota
11617,university of iowa credit union
11618,upper marlboro ford llc
11619,us fleet lease llc
11620,usa auto & lending inc
11621,used auto
11622,usps vmf/raleigh
11623,utah car & truck inc.
11624,utah used car sales
11625,uw credit union
11626,valley fcu
11627,value imports plus llc
11628,value kia
11629,vanceboro motors
11630,vardaman buick company inc
11631,vci/audi mission viejo
11632,vci/commonwealth audi volkswagen
11633,vci/volkswagen north scottsdale
11634,vci/walters auto sales/service inc
11635,vegas auto outlet
11636,velocity credit union
11637,veracity motors inc
11638,verc car rental
11639,visalia ford
11640,visalia toyota dba visalia scion
11641,vision ford lincoln mercury inc
11642,vista ford lincoln
11643,vista ford lincoln mercury of oxnard
11644,volkswagen of puyallup
11645,volkswagen of salem
11646,volvo of cincinnati
11647,volvo of overland park
11648,w auto shoppers
11649,wagner cadillac
11650,walker bros. auto sales
11651,wallace lincoln
11652,wantcar inc
11653,warren henry jaguar
11654,wayne auto world inc
11655,waypoint acceptance
11656,we buy cars inc.
11657,webb chevrolet plainfield inc
11658,webster city auto center llc
11659,wedgewoode sports and imports
11660,wesley chapel honda
11661,wesley chapel nissan
11662,west coast van rental
11663,west end autos
11664,west houston infiniti ltd
11665,westchester toyota
11666,western brok venture ltd
11667,westfield ford inc
11668,westside credit
11669,westside credit co-op
11670,westwood auto sales llc
11671,wetzel honda
11672,wheatley auto sales
11673,wheel deal auto sales llc
11674,wheel estate llc
11675,wheel way gm
11676,wherley motor sales
11677,whi con auto brokers
11678,white allen european auto group
11679,white river sales & repairs inc
11680,white's body shop & auto sales
11681,wholesale auto network co
11682,wholesale motor group
11683,wilder vw nissan
11684,william mizell ford inc
11685,williams automotive wholesale
11686,windward cars
11687,wisconsin auto sales of wausau inc
11688,woodys dodge jeep chrysler
11689,world auto financial llc
11690,world auto service
11691,world automotive direct llc
11692,world financial services inc
11693,worldwide sales & leasing llc
11694,wranglers unlimited llc
11695,wtb auto llc
11696,www getauctioncars com
11697,wyss auto sales
11698,xclusive ato sls & lsng inc
11699,xtreme auto sales inc
11700,z motors inc
11701,zeigler chevrolet-schaumburg llc
11702,zeigler honda amherst
11703,ziepke motors llc
11704,zimbrick bmw
11705,zygi auto corp
